{"LR": 0.000196, "epoch": 3, "_timestamp": 1676363546.3145862, "_runtime": 387.14219212532043, "_step": 17196, "Loss/p22": 64.38115692138672, "global_step": 4252, "Loss/p12": 53.738441467285156, "Loss/p7": 50.24440383911133, "Loss/p4": 41.98857498168945, "Test/walking/1": 33.53930887641594, "Test/walking/3": 63.07855296255973, "Test/walking/7": 108.47927939263418, "Test/walking/9": 124.8168538967551, "Test/walking/13": 145.98245810643158, "Test/walking/24": 138.84783044209567, "Test/eating/1": 17.481679403653708, "Test/eating/3": 32.669102652647894, "Test/eating/7": 56.91568919004566, "Test/eating/9": 66.65290057860578, "Test/eating/13": 81.82459000032252, "Test/eating/24": 103.13284411921113, "Test/smoking/1": 16.509793470328756, "Test/smoking/3": 31.05781724336521, "Test/smoking/7": 54.518973475556756, "Test/smoking/9": 63.81612766432578, "Test/smoking/13": 78.60512382879968, "Test/smoking/24": 100.33579471852909, "Test/discussion/1": 24.778789273847224, "Test/discussion/3": 46.50791658552095, "Test/discussion/7": 80.06828549600152, "Test/discussion/9": 92.44132440430191, "Test/discussion/13": 110.59122042719108, "Test/discussion/24": 136.94737579382453, "Test/directions/1": 17.449856887054672, "Test/directions/3": 33.028405693488395, "Test/directions/7": 57.84138135901419, "Test/directions/9": 67.53884778342955, "Test/directions/13": 83.29123948489783, "Test/directions/24": 112.32214668363521, "Test/greeting/1": 33.810908510799884, "Test/greeting/3": 62.54600714833925, "Test/greeting/7": 104.38400990080487, "Test/greeting/9": 118.60476870931751, "Test/greeting/13": 137.36488754279603, "Test/greeting/24": 167.39551664503256, "Test/phoning/1": 20.747092098694093, "Test/phoning/3": 39.00579663844574, "Test/phoning/7": 68.60590486119199, "Test/phoning/9": 80.4514014945695, "Test/phoning/13": 99.66016049196796, "Test/phoning/24": 130.37828619724124, "Test/posing/1": 26.676586854368416, "Test/posing/3": 50.98124289640404, "Test/posing/7": 91.72765005260929, "Test/posing/9": 108.57484681353309, "Test/posing/13": 137.34043221918333, "Test/posing/24": 196.62610640122065, "Test/purchases/1": 27.63780683008732, "Test/purchases/3": 51.040046014573186, "Test/purchases/7": 85.57299678019612, "Test/purchases/9": 98.26449273569047, "Test/purchases/13": 119.38846664370068, "Test/purchases/24": 154.78620299589258, "Test/sitting/1": 17.446858959547782, "Test/sitting/3": 32.65453793753055, "Test/sitting/7": 58.4618077859395, "Test/sitting/9": 69.31440175621255, "Test/sitting/13": 88.24450002956287, "Test/sitting/24": 127.7481004535959, "Test/sittingdown/1": 23.36988039573853, "Test/sittingdown/3": 42.60648017000633, "Test/sittingdown/7": 75.15951667427333, "Test/sittingdown/9": 88.88870527304599, "Test/sittingdown/13": 112.93343225503159, "Test/sittingdown/24": 162.7522841341034, "Test/takingphoto/1": 17.405516756107193, "Test/takingphoto/3": 32.66705910910571, "Test/takingphoto/7": 58.52275073687013, "Test/takingphoto/9": 69.43763598714078, "Test/takingphoto/13": 88.39839576555451, "Test/takingphoto/24": 127.68076126109325, "Test/waiting/1": 23.295010266390097, "Test/waiting/3": 43.925222321610846, "Test/waiting/7": 76.57356071769726, "Test/waiting/9": 88.89244175488629, "Test/waiting/13": 107.43717180851017, "Test/waiting/24": 131.14426035293366, "Test/walkingdog/1": 39.32109849064909, "Test/walkingdog/3": 71.11216620485226, "Test/walkingdog/7": 114.12025111618416, "Test/walkingdog/9": 126.5136326783107, "Test/walkingdog/13": 139.70977222315955, "Test/walkingdog/24": 167.30628978706406, "Test/walkingtogether/1": 25.828301740373885, "Test/walkingtogether/3": 48.70459368024554, "Test/walkingtogether/7": 84.06799569266182, "Test/walkingtogether/9": 96.84575387137276, "Test/walkingtogether/13": 113.58474408830915, "Test/walkingtogether/24": 120.64779750279018, "Test/average": 81.1707313012179, "Test/avg1": 24.35323258760377, "Test/avg3": 45.43899648391304, "Test/avg7": 78.33467021544537, "Test/avg9": 90.73694236009985, "Test/avg13": 109.62377299436123, "Test/avg24": 138.5367731658842, "_wandb": {"runtime": 385}}