{"LR": 0.00019208, "epoch": 4, "_timestamp": 1676366398.5091906, "_runtime": 692.5041725635529, "_step": 28630, "Loss/p22": 63.309024810791016, "global_step": 7087, "Loss/p12": 51.84554672241211, "Loss/p7": 49.212886810302734, "Loss/p4": 41.78166580200195, "Test/walking_1": 33.522001258287055, "Test/walking_3": 63.004089632522124, "Test/walking_7": 108.47362805194847, "Test/walking_9": 124.75349732815684, "Test/walking_13": 145.89549369171513, "Test/walking_24": 138.9449914874904, "Test/eating_1": 17.50298091929446, "Test/eating_3": 32.637935521232734, "Test/eating_7": 56.87202761836132, "Test/eating_9": 66.69749148320493, "Test/eating_13": 81.83537058090468, "Test/eating_24": 103.08081504716301, "Test/smoking_1": 16.528545565960645, "Test/smoking_3": 30.97643988788281, "Test/smoking_7": 54.49967857988451, "Test/smoking_9": 63.83023464036172, "Test/smoking_13": 78.57093025540938, "Test/smoking_24": 100.30102447862797, "Test/discussion_1": 24.793340187853673, "Test/discussion_3": 46.47479760763712, "Test/discussion_7": 80.01991059614832, "Test/discussion_9": 92.4817670647913, "Test/discussion_13": 110.66190316872733, "Test/discussion_24": 136.87613822612832, "Test/directions_1": 17.470579257035823, "Test/directions_3": 33.00959505599796, "Test/directions_7": 57.794596138218736, "Test/directions_9": 67.55550030734445, "Test/directions_13": 83.28271907770788, "Test/directions_24": 112.23628841814812, "Test/greeting_1": 33.816367253333425, "Test/greeting_3": 62.50248335185428, "Test/greeting_7": 104.34983344785398, "Test/greeting_9": 118.58039763847354, "Test/greeting_13": 137.24259898748474, "Test/greeting_24": 167.2815921553173, "Test/phoning_1": 20.74064569373365, "Test/phoning_3": 39.03721243484091, "Test/phoning_7": 68.5324013807618, "Test/phoning_9": 80.56777683599259, "Test/phoning_13": 99.92420642862005, "Test/phoning_24": 130.2084725723451, "Test/posing_1": 26.678525297077012, "Test/posing_3": 50.899306784872074, "Test/posing_7": 91.64114002910586, "Test/posing_9": 108.59151181530723, "Test/posing_13": 137.36304078914728, "Test/posing_24": 196.39316755092412, "Test/purchases_1": 27.613438381221457, "Test/purchases_3": 51.09401762109825, "Test/purchases_7": 85.45518150593482, "Test/purchases_9": 98.26738127371974, "Test/purchases_13": 119.61413966537347, "Test/purchases_24": 154.0779376370828, "Test/sitting_1": 17.433669463716278, "Test/sitting_3": 32.64808782970507, "Test/sitting_7": 58.371545480935964, "Test/sitting_9": 69.47998983883163, "Test/sitting_13": 88.7145855768856, "Test/sitting_24": 127.49158389720073, "Test/sittingdown_1": 23.33031126898452, "Test/sittingdown_3": 42.64088110819988, "Test/sittingdown_7": 75.02869905906581, "Test/sittingdown_9": 89.02488917190185, "Test/sittingdown_13": 113.52165285789953, "Test/sittingdown_24": 162.45749208290826, "Test/takingphoto_1": 17.39795511722899, "Test/takingphoto_3": 32.74474970410567, "Test/takingphoto_7": 58.46477895093783, "Test/takingphoto_9": 69.68383289168744, "Test/takingphoto_13": 89.03823514642963, "Test/takingphoto_24": 127.57612477271141, "Test/waiting_1": 23.306742738078054, "Test/waiting_3": 43.88067009987267, "Test/waiting_7": 76.5319407722162, "Test/waiting_9": 88.92335949960041, "Test/waiting_13": 107.48240926532988, "Test/waiting_24": 131.022308567252, "Test/walkingdog_1": 39.2916474165836, "Test/walkingdog_3": 71.29011588805255, "Test/walkingdog_7": 114.01295373176322, "Test/walkingdog_9": 126.64391878862126, "Test/walkingdog_13": 140.73556619996148, "Test/walkingdog_24": 166.31907887425058, "Test/walkingtogether_1": 25.813958304268972, "Test/walkingtogether_3": 48.63581933157785, "Test/walkingtogether_7": 84.12181352887835, "Test/walkingtogether_9": 96.75622488839285, "Test/walkingtogether_13": 113.50740661621094, "Test/walkingtogether_24": 120.75904689243862, "Test_average/total": 81.16823481431454, "Test_average/avg1": 24.34938054151051, "Test_average/avg3": 45.43174679063013, "Test_average/avg7": 78.27800859146768, "Test_average/avg9": 90.78918489775918, "Test_average/avg13": 109.82601722052046, "Test_average/avg24": 138.33507084399926, "_wandb": {"runtime": 691}}