{"LR": 0.0002, "_timestamp": 1676364539.6696444, "_runtime": 34.680378437042236, "_step": 1528, "Loss/p22": 6991.03125, "global_step": 382, "Loss/p12": 5673.30859375, "Loss/p7": 3623.803955078125, "Loss/p4": 6082.88671875, "_wandb": {"runtime": 33}}