{"LR": 0.000196, "epoch": 2, "_timestamp": 1676370736.3421552, "_runtime": 154.91185927391052, "_step": 13322, "Loss/p22": 56.86591720581055, "global_step": 3307, "Loss/p12": 46.983863830566406, "Loss/p7": 42.876129150390625, "Loss/p4": 35.53230285644531, "Test/walking_1": 60.0851777258072, "Test/walking_3": 70.47529199876529, "Test/walking_7": 126.62458096124008, "Test/walking_9": 136.45964565671827, "Test/walking_13": 161.26133101231324, "Test/walking_24": 150.6289501138052, "Test/eating_1": 49.96868793352775, "Test/eating_3": 43.829696139615436, "Test/eating_7": 76.82919222455237, "Test/eating_9": 87.14498315392186, "Test/eating_13": 101.69757138675625, "Test/eating_24": 121.06568018009402, "Test/smoking_1": 46.14355962012911, "Test/smoking_3": 44.63795683010072, "Test/smoking_7": 75.40785277104317, "Test/smoking_9": 83.09412806689892, "Test/smoking_13": 99.81002288857584, "Test/smoking_24": 116.70356293509123, "Test/discussion_1": 50.95910839826951, "Test/discussion_3": 57.425760478832295, "Test/discussion_7": 97.25921827205052, "Test/discussion_9": 110.15005270568963, "Test/discussion_13": 129.56327284860996, "Test/discussion_24": 150.26777805109842, "Test/directions_1": 46.04781610568723, "Test/directions_3": 46.232174821375224, "Test/directions_7": 80.02481286089954, "Test/directions_9": 89.44592904283569, "Test/directions_13": 104.13366360134549, "Test/directions_24": 129.04198182659385, "Test/greeting_1": 58.242608426941516, "Test/greeting_3": 72.48254816879108, "Test/greeting_7": 119.95269808235936, "Test/greeting_9": 134.86857225831335, "Test/greeting_13": 155.42618364790192, "Test/greeting_24": 179.660881331662, "Test/phoning_1": 53.02928154858536, "Test/phoning_3": 52.799266169668684, "Test/phoning_7": 88.90855667765922, "Test/phoning_9": 100.13242302586436, "Test/phoning_13": 118.65106019197597, "Test/phoning_24": 144.51064688462006, "Test/posing_1": 56.8917732524974, "Test/posing_3": 64.47963661856207, "Test/posing_7": 114.20068606328607, "Test/posing_9": 129.37741301476254, "Test/posing_13": 157.808219549868, "Test/posing_24": 208.66537970310878, "Test/purchases_1": 60.314596761106806, "Test/purchases_3": 63.74268014132289, "Test/purchases_7": 106.43873129983209, "Test/purchases_9": 119.82076438182506, "Test/purchases_13": 137.96672063969723, "Test/purchases_24": 168.09725453686843, "Test/sitting_1": 53.38486272488854, "Test/sitting_3": 49.685021315063345, "Test/sitting_7": 83.75190022128042, "Test/sitting_9": 93.6738447829229, "Test/sitting_13": 110.05850704485287, "Test/sitting_24": 145.774289490207, "Test/sittingdown_1": 69.41718396233803, "Test/sittingdown_3": 64.40703279160962, "Test/sittingdown_7": 102.48422955035618, "Test/sittingdown_9": 117.45142136057082, "Test/sittingdown_13": 139.0595998897312, "Test/sittingdown_24": 182.5420219430126, "Test/takingphoto_1": 58.13985195574263, "Test/takingphoto_3": 50.893780826603354, "Test/takingphoto_7": 84.8879868922404, "Test/takingphoto_9": 97.2980075828162, "Test/takingphoto_13": 113.977333213202, "Test/takingphoto_24": 145.68063542687483, "Test/waiting_1": 50.378669526227895, "Test/waiting_3": 56.42257846860331, "Test/waiting_7": 94.75076307718011, "Test/waiting_9": 109.07807014385416, "Test/waiting_13": 127.78743969530684, "Test/waiting_24": 145.9617620153153, "Test/walkingdog_1": 74.094013578553, "Test/walkingdog_3": 84.65447538497335, "Test/walkingdog_7": 135.67512184313347, "Test/walkingdog_9": 148.41531351719723, "Test/walkingdog_13": 159.36993131185915, "Test/walkingdog_24": 180.9700630802659, "Test/walkingtogether_1": 52.35964835030692, "Test/walkingtogether_3": 57.036756155831476, "Test/walkingtogether_7": 100.64335270472935, "Test/walkingtogether_9": 108.71640293666294, "Test/walkingtogether_13": 131.1701602608817, "Test/walkingtogether_24": 130.85952854701452, "Test_average/total": 101.33110649512813, "Test_average/avg1": 55.963789324707264, "Test_average/avg3": 58.61364375398121, "Test_average/avg7": 99.18931223345614, "Test_average/avg9": 111.00846477539025, "Test_average/avg13": 129.84940114552518, "Test_average/avg24": 153.36202773770881, "_wandb": {"runtime": 153}}