{"LR": 0.00019208, "epoch": 4, "_timestamp": 1676366396.0885484, "_runtime": 306.5601153373718, "_step": 30026, "Loss/p22": 74.27009582519531, "global_step": 7436, "Loss/p12": 61.93302917480469, "Loss/p7": 55.983646392822266, "Loss/p4": 44.32851028442383, "Test/walking_1": 33.51180076822551, "Test/walking_3": 63.043170108221695, "Test/walking_7": 108.43386389491428, "Test/walking_9": 124.71463409507243, "Test/walking_13": 145.84789591606406, "Test/walking_24": 138.73991463157358, "Test/eating_1": 17.478145945090485, "Test/eating_3": 32.64913322812035, "Test/eating_7": 56.86706796109951, "Test/eating_9": 66.65236273559007, "Test/eating_13": 81.82868931736631, "Test/eating_24": 103.03387739471576, "Test/smoking_1": 16.520746375723792, "Test/smoking_3": 31.015596578544088, "Test/smoking_7": 54.45472661878885, "Test/smoking_9": 63.844919474388455, "Test/smoking_13": 78.64686037274437, "Test/smoking_24": 100.40150685052946, "Test/discussion_1": 24.780088118548733, "Test/discussion_3": 46.4801948399054, "Test/discussion_7": 79.9832794606819, "Test/discussion_9": 92.35373001584247, "Test/discussion_13": 110.43958485509982, "Test/discussion_24": 136.631805255863, "Test/directions_1": 17.46055832184858, "Test/directions_3": 33.02380440587633, "Test/directions_7": 57.80865807721357, "Test/directions_9": 67.47780322195787, "Test/directions_13": 83.19340248188317, "Test/directions_24": 112.04781205781215, "Test/greeting_1": 33.80148634957442, "Test/greeting_3": 62.52917822131388, "Test/greeting_7": 104.30751291434788, "Test/greeting_9": 118.50127534058588, "Test/greeting_13": 137.18494249271578, "Test/greeting_24": 167.06418271526647, "Test/phoning_1": 20.715794052259273, "Test/phoning_3": 38.965440825432374, "Test/phoning_7": 68.53276890117635, "Test/phoning_9": 80.41107782061114, "Test/phoning_13": 99.5752787378697, "Test/phoning_24": 130.1730611034212, "Test/posing_1": 26.668554422556397, "Test/posing_3": 50.938392083105676, "Test/posing_7": 91.61485030081239, "Test/posing_9": 108.46079322021745, "Test/posing_13": 137.13393806056834, "Test/posing_24": 196.14752860442363, "Test/purchases_1": 27.609590649146654, "Test/purchases_3": 51.01559644401486, "Test/purchases_7": 85.46134619745816, "Test/purchases_9": 98.14131489430456, "Test/purchases_13": 119.15077812317973, "Test/purchases_24": 154.32135892922287, "Test/sitting_1": 17.426833687733936, "Test/sitting_3": 32.57913542771159, "Test/sitting_7": 58.33261826894816, "Test/sitting_9": 69.29013340938695, "Test/sitting_13": 88.15230054145492, "Test/sitting_24": 127.50035340474776, "Test/sittingdown_1": 23.36473667979377, "Test/sittingdown_3": 42.53953658865353, "Test/sittingdown_7": 75.01787171249127, "Test/sittingdown_9": 88.86399702878343, "Test/sittingdown_13": 112.86112197578841, "Test/sittingdown_24": 162.542837793584, "Test/takingphoto_1": 17.438176090264538, "Test/takingphoto_3": 32.628713245565606, "Test/takingphoto_7": 58.42085529158979, "Test/takingphoto_9": 69.42160198850571, "Test/takingphoto_13": 88.33561643454773, "Test/takingphoto_24": 127.40230610024787, "Test/waiting_1": 23.291651034371103, "Test/waiting_3": 43.8901869057812, "Test/waiting_7": 76.48475941300312, "Test/waiting_9": 88.81048832573072, "Test/waiting_13": 107.29357491194179, "Test/waiting_24": 130.86735565614032, "Test/walkingdog_1": 39.26138523290776, "Test/walkingdog_3": 71.06138237105418, "Test/walkingdog_7": 113.96308397636767, "Test/walkingdog_9": 126.3564370673963, "Test/walkingdog_13": 139.32719453573876, "Test/walkingdog_24": 166.663022505958, "Test/walkingtogether_1": 25.812055849347797, "Test/walkingtogether_3": 48.661442565917966, "Test/walkingtogether_7": 84.02506482805525, "Test/walkingtogether_9": 96.76356384277344, "Test/walkingtogether_13": 113.49002258300781, "Test/walkingtogether_24": 120.57265921456474, "Test_average/total": 81.07228612525276, "Test_average/avg1": 24.342773571826182, "Test_average/avg3": 45.40139358928124, "Test_average/avg7": 78.2472218544632, "Test_average/avg9": 90.67094216540977, "Test_average/avg13": 109.49741342266472, "Test_average/avg24": 138.27397214787138, "_wandb": {"runtime": 305}}