{"LR": 0.0002, "epoch": 1, "_timestamp": 1676370884.923745, "_runtime": 59.48330497741699, "_step": 2644, "Loss/p22": 3994.725830078125, "global_step": 661, "Loss/p12": 1788.3438720703125, "Loss/p7": 1617.354736328125, "Loss/p4": 3269.950927734375, "_wandb": {"runtime": 58}}