{"LR": 0.000196, "epoch": 2, "_timestamp": 1676364996.7129726, "_runtime": 333.08706855773926, "_step": 15017, "Loss/p22": 77.16927337646484, "global_step": 3755, "Loss/p12": 64.02002716064453, "Loss/p7": 61.058860778808594, "Loss/p4": 51.25217819213867, "_wandb": {"runtime": 336}}