{"LR": 0.000196, "epoch": 3, "_timestamp": 1676365499.4111092, "_runtime": 412.012668132782, "_step": 18444, "Loss/p22": 61.8431282043457, "global_step": 4564, "Loss/p12": 53.058631896972656, "Loss/p7": 50.03154373168945, "Loss/p4": 43.1257209777832, "Test/walking_1": 33.504242734302075, "Test/walking_3": 62.99598688187426, "Test/walking_7": 108.22957321220615, "Test/walking_9": 124.50694568638502, "Test/walking_13": 145.57686815779454, "Test/walking_24": 138.30325942987207, "Test/eating_1": 17.485430921094576, "Test/eating_3": 32.65471526701146, "Test/eating_7": 56.881439162106375, "Test/eating_9": 66.66357113652148, "Test/eating_13": 81.74950356197796, "Test/eating_24": 102.88620044339088, "Test/smoking_1": 16.501900128656303, "Test/smoking_3": 31.037266907777763, "Test/smoking_7": 54.49238120620845, "Test/smoking_9": 63.86351363272777, "Test/smoking_13": 78.53009569614282, "Test/smoking_24": 100.06489872871144, "Test/discussion_1": 24.772940403537827, "Test/discussion_3": 46.47881973571095, "Test/discussion_7": 79.97000013528952, "Test/discussion_9": 92.35756372950193, "Test/discussion_13": 110.38282426367851, "Test/discussion_24": 136.44803093346346, "Test/directions_1": 17.462417236691103, "Test/directions_3": 33.022673548578105, "Test/directions_7": 57.793562590734886, "Test/directions_9": 67.49067731867063, "Test/directions_13": 83.16566944208463, "Test/directions_24": 111.95409080186043, "Test/greeting_1": 33.79343136192539, "Test/greeting_3": 62.51854116737034, "Test/greeting_7": 104.28005181019363, "Test/greeting_9": 118.4831107625573, "Test/greeting_13": 137.1090880890678, "Test/greeting_24": 166.78564619493642, "Test/phoning_1": 20.71412973611418, "Test/phoning_3": 38.97732323701107, "Test/phoning_7": 68.48838318633419, "Test/phoning_9": 80.35679767248998, "Test/phoning_13": 99.41956880186758, "Test/phoning_24": 129.76157594937456, "Test/posing_1": 26.693843522639135, "Test/posing_3": 50.94306943756463, "Test/posing_7": 91.58689560230906, "Test/posing_9": 108.45872572789494, "Test/posing_13": 137.0477531326801, "Test/posing_24": 195.79768327424765, "Test/purchases_1": 27.58290831223531, "Test/purchases_3": 50.98796384431691, "Test/purchases_7": 85.43152732174732, "Test/purchases_9": 98.11812615009751, "Test/purchases_13": 119.0974802989212, "Test/purchases_24": 154.1285172271142, "Test/sitting_1": 17.389592664527274, "Test/sitting_3": 32.57684088524877, "Test/sitting_7": 58.36294183659065, "Test/sitting_9": 69.30798314741642, "Test/sitting_13": 88.08104950247458, "Test/sitting_24": 127.24029452129476, "Test/sittingdown_1": 23.309698907561593, "Test/sittingdown_3": 42.50774051801719, "Test/sittingdown_7": 75.0317699908664, "Test/sittingdown_9": 88.86222021358529, "Test/sittingdown_13": 112.79201933870611, "Test/sittingdown_24": 162.29563602128525, "Test/takingphoto_1": 17.368621514740738, "Test/takingphoto_3": 32.60921670209301, "Test/takingphoto_7": 58.44819147635275, "Test/takingphoto_9": 69.44527107564903, "Test/takingphoto_13": 88.30440765573331, "Test/takingphoto_24": 127.2934717233146, "Test/waiting_1": 23.28707756176807, "Test/waiting_3": 43.88120428756534, "Test/waiting_7": 76.46798784099975, "Test/waiting_9": 88.806974325569, "Test/waiting_13": 107.20544487324275, "Test/waiting_24": 130.61117690417717, "Test/walkingdog_1": 39.2391115101901, "Test/walkingdog_3": 71.02705174551492, "Test/walkingdog_7": 113.89560682746335, "Test/walkingdog_9": 126.28952389874404, "Test/walkingdog_13": 139.19728716962936, "Test/walkingdog_24": 166.2613875721873, "Test/walkingtogether_1": 25.804273300170898, "Test/walkingtogether_3": 48.61582639421736, "Test/walkingtogether_7": 83.86425833565848, "Test/walkingtogether_9": 96.6059357561384, "Test/walkingtogether_13": 113.22636710030692, "Test/walkingtogether_24": 119.97423906598772, "Test/average": 80.99196563356179, "Test/avg1": 24.32730798774363, "Test/avg3": 45.38894937065813, "Test/avg7": 78.21497136900406, "Test/avg9": 90.64112934892992, "Test/avg13": 109.39236180562054, "Test/avg24": 137.9870739194145, "_wandb": {"runtime": 410}}